{
  "dataset_revision": null,
  "dev": {
    "evaluation_time": 80.73,
    "map_at_1": 0.223,
    "map_at_10": 0.32935,
    "map_at_100": 0.34762,
    "map_at_1000": 0.34908,
    "map_at_3": 0.29367,
    "map_at_5": 0.31268,
    "mrr_at_1": 0.34384,
    "mrr_at_10": 0.41848,
    "mrr_at_100": 0.42864,
    "mrr_at_1000": 0.42926,
    "mrr_at_3": 0.39581,
    "mrr_at_5": 0.40747,
    "ndcg_at_1": 0.34384,
    "ndcg_at_10": 0.39069,
    "ndcg_at_100": 0.46382,
    "ndcg_at_1000": 0.49063,
    "ndcg_at_3": 0.34479,
    "ndcg_at_5": 0.36179,
    "precision_at_1": 0.34384,
    "precision_at_10": 0.0873,
    "precision_at_100": 0.01473,
    "precision_at_1000": 0.00181,
    "precision_at_3": 0.19555,
    "precision_at_5": 0.14089,
    "recall_at_1": 0.223,
    "recall_at_10": 0.48368,
    "recall_at_100": 0.78648,
    "recall_at_1000": 0.9693,
    "recall_at_3": 0.34336,
    "recall_at_5": 0.39818
  },
  "mteb_dataset_name": "CmedqaRetrieval",
  "mteb_version": "1.1.1"
}