{
  "dataset_revision": null,
  "dev": {
    "evaluation_time": 70.78,
    "map_at_1": 0.65016,
    "map_at_10": 0.73141,
    "map_at_100": 0.73554,
    "map_at_1000": 0.73561,
    "map_at_3": 0.71224,
    "map_at_5": 0.72406,
    "mrr_at_1": 0.65016,
    "mrr_at_10": 0.73143,
    "mrr_at_100": 0.73543,
    "mrr_at_1000": 0.7355,
    "mrr_at_3": 0.71338,
    "mrr_at_5": 0.72429,
    "ndcg_at_1": 0.65227,
    "ndcg_at_10": 0.7695,
    "ndcg_at_100": 0.78926,
    "ndcg_at_1000": 0.79154,
    "ndcg_at_3": 0.7317,
    "ndcg_at_5": 0.75238,
    "precision_at_1": 0.65227,
    "precision_at_10": 0.08967,
    "precision_at_100": 0.00989,
    "precision_at_1000": 0.00101,
    "precision_at_3": 0.26379,
    "precision_at_5": 0.1686,
    "recall_at_1": 0.65016,
    "recall_at_10": 0.88725,
    "recall_at_100": 0.97893,
    "recall_at_1000": 0.99789,
    "recall_at_3": 0.78662,
    "recall_at_5": 0.83562
  },
  "mteb_dataset_name": "CovidRetrieval",
  "mteb_version": "1.1.1"
}