{
  "dataset_revision": null,
  "mteb_dataset_name": "CSLCiteRetrieval",
  "mteb_version": "1.1.1",
  "test": {
    "evaluation_time": 25.37,
    "map_at_1": 0.31065,
    "map_at_10": 0.41211,
    "map_at_100": 0.42065,
    "map_at_1000": 0.42111,
    "map_at_3": 0.38365,
    "map_at_5": 0.39901,
    "mrr_at_1": 0.3089,
    "mrr_at_10": 0.41124,
    "mrr_at_100": 0.41978,
    "mrr_at_1000": 0.42024,
    "mrr_at_3": 0.38278,
    "mrr_at_5": 0.39814,
    "ndcg_at_1": 0.31065,
    "ndcg_at_10": 0.4678,
    "ndcg_at_100": 0.50928,
    "ndcg_at_1000": 0.5234,
    "ndcg_at_3": 0.40831,
    "ndcg_at_5": 0.4358,
    "precision_at_1": 0.31065,
    "precision_at_10": 0.06457,
    "precision_at_100": 0.00839,
    "precision_at_1000": 0.00095,
    "precision_at_3": 0.15998,
    "precision_at_5": 0.10925,
    "recall_at_1": 0.31065,
    "recall_at_10": 0.64572,
    "recall_at_100": 0.83944,
    "recall_at_1000": 0.95462,
    "recall_at_3": 0.47993,
    "recall_at_5": 0.54625
  }
}