{
  "dataset_revision": null,
  "mteb_dataset_name": "CSLRelatedRetrieval",
  "mteb_version": "1.1.1",
  "test": {
    "evaluation_time": 26.62,
    "map_at_1": 0.22551,
    "map_at_10": 0.34051,
    "map_at_100": 0.35531,
    "map_at_1000": 0.35564,
    "map_at_3": 0.30562,
    "map_at_5": 0.32122,
    "mrr_at_1": 0.22551,
    "mrr_at_10": 0.34051,
    "mrr_at_100": 0.35531,
    "mrr_at_1000": 0.35564,
    "mrr_at_3": 0.30562,
    "mrr_at_5": 0.32122,
    "ndcg_at_1": 0.22551,
    "ndcg_at_10": 0.40708,
    "ndcg_at_100": 0.47618,
    "ndcg_at_1000": 0.48398,
    "ndcg_at_3": 0.33238,
    "ndcg_at_5": 0.36052,
    "precision_at_1": 0.22551,
    "precision_at_10": 0.06219,
    "precision_at_100": 0.00938,
    "precision_at_1000": 0.001,
    "precision_at_3": 0.13667,
    "precision_at_5": 0.09567,
    "recall_at_1": 0.22551,
    "recall_at_10": 0.62187,
    "recall_at_100": 0.9385,
    "recall_at_1000": 0.99772,
    "recall_at_3": 0.41002,
    "recall_at_5": 0.47836
  }
}