{
  "dataset_revision": null,
  "mteb_dataset_name": "DuBaikeRetrieval",
  "mteb_version": "1.1.1",
  "test": {
    "evaluation_time": 55.46,
    "map_at_1": 0.36792,
    "map_at_10": 0.52422,
    "map_at_100": 0.53119,
    "map_at_1000": 0.53119,
    "map_at_3": 0.47379,
    "map_at_5": 0.50807,
    "mrr_at_1": 0.36792,
    "mrr_at_10": 0.52422,
    "mrr_at_100": 0.53119,
    "mrr_at_1000": 0.53119,
    "mrr_at_3": 0.47379,
    "mrr_at_5": 0.50807,
    "ndcg_at_1": 0.36792,
    "ndcg_at_10": 0.60957,
    "ndcg_at_100": 0.63786,
    "ndcg_at_1000": 0.63786,
    "ndcg_at_3": 0.50876,
    "ndcg_at_5": 0.57073,
    "precision_at_1": 0.36792,
    "precision_at_10": 0.08805,
    "precision_at_100": 0.01,
    "precision_at_1000": 0.001,
    "precision_at_3": 0.20335,
    "precision_at_5": 0.1522,
    "recall_at_1": 0.36792,
    "recall_at_10": 0.8805,
    "recall_at_100": 1.0,
    "recall_at_1000": 1.0,
    "recall_at_3": 0.61006,
    "recall_at_5": 0.76101
  }
}