{
  "dataset_revision": null,
  "mteb_dataset_name": "DXYConsultRetrieval",
  "mteb_version": "1.1.1",
  "test": {
    "evaluation_time": 14.29,
    "map_at_1": 0.3754,
    "map_at_10": 0.45663,
    "map_at_100": 0.46696,
    "map_at_1000": 0.46745,
    "map_at_3": 0.43372,
    "map_at_5": 0.44502,
    "mrr_at_1": 0.3754,
    "mrr_at_10": 0.45663,
    "mrr_at_100": 0.46697,
    "mrr_at_1000": 0.46746,
    "mrr_at_3": 0.43372,
    "mrr_at_5": 0.44502,
    "ndcg_at_1": 0.3754,
    "ndcg_at_10": 0.50132,
    "ndcg_at_100": 0.55624,
    "ndcg_at_1000": 0.56748,
    "ndcg_at_3": 0.45278,
    "ndcg_at_5": 0.473,
    "precision_at_1": 0.3754,
    "precision_at_10": 0.06448,
    "precision_at_100": 0.00912,
    "precision_at_1000": 0.001,
    "precision_at_3": 0.16932,
    "precision_at_5": 0.11135,
    "recall_at_1": 0.3754,
    "recall_at_10": 0.64475,
    "recall_at_100": 0.91198,
    "recall_at_1000": 0.99682,
    "recall_at_3": 0.50795,
    "recall_at_5": 0.55673
  }
}