{
  "dataset_revision": null,
  "mteb_dataset_name": "DXYDiseaseRetrieval",
  "mteb_version": "1.1.1",
  "test": {
    "evaluation_time": 28.26,
    "map_at_1": 0.62789,
    "map_at_10": 0.71371,
    "map_at_100": 0.71911,
    "map_at_1000": 0.7192,
    "map_at_3": 0.69588,
    "map_at_5": 0.70768,
    "mrr_at_1": 0.62789,
    "mrr_at_10": 0.71371,
    "mrr_at_100": 0.71911,
    "mrr_at_1000": 0.7192,
    "mrr_at_3": 0.69588,
    "mrr_at_5": 0.70768,
    "ndcg_at_1": 0.62789,
    "ndcg_at_10": 0.75341,
    "ndcg_at_100": 0.77687,
    "ndcg_at_1000": 0.77924,
    "ndcg_at_3": 0.71774,
    "ndcg_at_5": 0.7392,
    "precision_at_1": 0.62789,
    "precision_at_10": 0.08765,
    "precision_at_100": 0.0098,
    "precision_at_1000": 0.001,
    "precision_at_3": 0.26029,
    "precision_at_5": 0.16669,
    "recall_at_1": 0.62789,
    "recall_at_10": 0.87649,
    "recall_at_100": 0.98008,
    "recall_at_1000": 0.99841,
    "recall_at_3": 0.78088,
    "recall_at_5": 0.83347
  }
}