{
  "dataset_revision": null,
  "mteb_dataset_name": "IIYIPostRetrieval",
  "mteb_version": "1.1.1",
  "test": {
    "evaluation_time": 14.46,
    "map_at_1": 0.60963,
    "map_at_10": 0.69609,
    "map_at_100": 0.70095,
    "map_at_1000": 0.70105,
    "map_at_3": 0.67744,
    "map_at_5": 0.68802,
    "mrr_at_1": 0.60963,
    "mrr_at_10": 0.69609,
    "mrr_at_100": 0.70095,
    "mrr_at_1000": 0.70105,
    "mrr_at_3": 0.67744,
    "mrr_at_5": 0.68802,
    "ndcg_at_1": 0.60963,
    "ndcg_at_10": 0.73809,
    "ndcg_at_100": 0.76101,
    "ndcg_at_1000": 0.76358,
    "ndcg_at_3": 0.70003,
    "ndcg_at_5": 0.71895,
    "precision_at_1": 0.60963,
    "precision_at_10": 0.08695,
    "precision_at_100": 0.00975,
    "precision_at_1000": 0.00099,
    "precision_at_3": 0.25518,
    "precision_at_5": 0.16223,
    "recall_at_1": 0.60963,
    "recall_at_10": 0.86946,
    "recall_at_100": 0.97465,
    "recall_at_1000": 0.99493,
    "recall_at_3": 0.76553,
    "recall_at_5": 0.81115
  }
}