{
  "dataset_revision": null,
  "mteb_dataset_name": "MedExamRetrieval",
  "mteb_version": "1.1.1",
  "test": {
    "evaluation_time": 37.38,
    "map_at_1": 0.51937,
    "map_at_10": 0.65345,
    "map_at_100": 0.65813,
    "map_at_1000": 0.65818,
    "map_at_3": 0.62721,
    "map_at_5": 0.64321,
    "mrr_at_1": 0.51937,
    "mrr_at_10": 0.65345,
    "mrr_at_100": 0.65813,
    "mrr_at_1000": 0.65818,
    "mrr_at_3": 0.62721,
    "mrr_at_5": 0.64321,
    "ndcg_at_1": 0.51937,
    "ndcg_at_10": 0.71487,
    "ndcg_at_100": 0.73447,
    "ndcg_at_1000": 0.73559,
    "ndcg_at_3": 0.66183,
    "ndcg_at_5": 0.69072,
    "precision_at_1": 0.51937,
    "precision_at_10": 0.09053,
    "precision_at_100": 0.0099,
    "precision_at_1000": 0.001,
    "precision_at_3": 0.25395,
    "precision_at_5": 0.16643,
    "recall_at_1": 0.51937,
    "recall_at_10": 0.90531,
    "recall_at_100": 0.98996,
    "recall_at_1000": 0.99857,
    "recall_at_3": 0.76184,
    "recall_at_5": 0.83214
  }
}