{
  "dataset_revision": null,
  "dev": {
    "evaluation_time": 36.92,
    "map_at_1": 0.507,
    "map_at_10": 0.55969,
    "map_at_100": 0.5653,
    "map_at_1000": 0.56585,
    "map_at_3": 0.547,
    "map_at_5": 0.5552,
    "mrr_at_1": 0.508,
    "mrr_at_10": 0.56019,
    "mrr_at_100": 0.5658,
    "mrr_at_1000": 0.56636,
    "mrr_at_3": 0.5475,
    "mrr_at_5": 0.5557,
    "ndcg_at_1": 0.507,
    "ndcg_at_10": 0.58579,
    "ndcg_at_100": 0.61774,
    "ndcg_at_1000": 0.63396,
    "ndcg_at_3": 0.55986,
    "ndcg_at_5": 0.57466,
    "precision_at_1": 0.507,
    "precision_at_10": 0.0668,
    "precision_at_100": 0.00828,
    "precision_at_1000": 0.00096,
    "precision_at_3": 0.199,
    "precision_at_5": 0.1266,
    "recall_at_1": 0.507,
    "recall_at_10": 0.668,
    "recall_at_100": 0.828,
    "recall_at_1000": 0.959,
    "recall_at_3": 0.597,
    "recall_at_5": 0.633
  },
  "mteb_dataset_name": "MedicalRetrieval",
  "mteb_version": "1.1.1"
}