{
  "dataset_revision": null,
  "dev": {
    "evaluation_time": 83.45,
    "map_at_1": 0.21412,
    "map_at_10": 0.32311,
    "map_at_100": 0.34177,
    "map_at_1000": 0.34318,
    "map_at_3": 0.28441,
    "map_at_5": 0.30552,
    "mrr_at_1": 0.33158,
    "mrr_at_10": 0.40775,
    "mrr_at_100": 0.41853,
    "mrr_at_1000": 0.41914,
    "mrr_at_3": 0.38264,
    "mrr_at_5": 0.39625,
    "ndcg_at_1": 0.33158,
    "ndcg_at_10": 0.3852,
    "ndcg_at_100": 0.46143,
    "ndcg_at_1000": 0.48713,
    "ndcg_at_3": 0.33401,
    "ndcg_at_5": 0.35515,
    "precision_at_1": 0.33158,
    "precision_at_10": 0.088,
    "precision_at_100": 0.01499,
    "precision_at_1000": 0.00182,
    "precision_at_3": 0.19005,
    "precision_at_5": 0.14034,
    "recall_at_1": 0.21412,
    "recall_at_10": 0.48308,
    "recall_at_100": 0.80175,
    "recall_at_1000": 0.97575,
    "recall_at_3": 0.33308,
    "recall_at_5": 0.39669
  },
  "mteb_dataset_name": "CmedqaRetrieval",
  "mteb_version": "1.1.1"
}