{
  "dataset_revision": null,
  "dev": {
    "evaluation_time": 72.05,
    "map_at_1": 0.61328,
    "map_at_10": 0.70091,
    "map_at_100": 0.70569,
    "map_at_1000": 0.70577,
    "map_at_3": 0.67756,
    "map_at_5": 0.69377,
    "mrr_at_1": 0.61433,
    "mrr_at_10": 0.70087,
    "mrr_at_100": 0.70539,
    "mrr_at_1000": 0.70548,
    "mrr_at_3": 0.67791,
    "mrr_at_5": 0.69419,
    "ndcg_at_1": 0.61433,
    "ndcg_at_10": 0.74319,
    "ndcg_at_100": 0.76611,
    "ndcg_at_1000": 0.76827,
    "ndcg_at_3": 0.69774,
    "ndcg_at_5": 0.72684,
    "precision_at_1": 0.61433,
    "precision_at_10": 0.08841,
    "precision_at_100": 0.00992,
    "precision_at_1000": 0.00101,
    "precision_at_3": 0.2529,
    "precision_at_5": 0.16649,
    "recall_at_1": 0.61328,
    "recall_at_10": 0.8746,
    "recall_at_100": 0.98103,
    "recall_at_1000": 0.99789,
    "recall_at_3": 0.75553,
    "recall_at_5": 0.82561
  },
  "mteb_dataset_name": "CovidRetrieval",
  "mteb_version": "1.1.1"
}