{
  "dataset_revision": null,
  "mteb_dataset_name": "CSLCiteRetrieval",
  "mteb_version": "1.1.1",
  "test": {
    "evaluation_time": 25.88,
    "map_at_1": 0.29668,
    "map_at_10": 0.40663,
    "map_at_100": 0.41557,
    "map_at_1000": 0.41604,
    "map_at_3": 0.38016,
    "map_at_5": 0.39491,
    "mrr_at_1": 0.29494,
    "mrr_at_10": 0.40576,
    "mrr_at_100": 0.4147,
    "mrr_at_1000": 0.41516,
    "mrr_at_3": 0.37929,
    "mrr_at_5": 0.39404,
    "ndcg_at_1": 0.29668,
    "ndcg_at_10": 0.46159,
    "ndcg_at_100": 0.50553,
    "ndcg_at_1000": 0.51901,
    "ndcg_at_3": 0.40673,
    "ndcg_at_5": 0.43332,
    "precision_at_1": 0.29668,
    "precision_at_10": 0.06353,
    "precision_at_100": 0.00841,
    "precision_at_1000": 0.00095,
    "precision_at_3": 0.16114,
    "precision_at_5": 0.1096,
    "recall_at_1": 0.29668,
    "recall_at_10": 0.63525,
    "recall_at_100": 0.84119,
    "recall_at_1000": 0.94939,
    "recall_at_3": 0.48342,
    "recall_at_5": 0.54799
  }
}