{
  "dataset_revision": null,
  "mteb_dataset_name": "CSLRelatedRetrieval",
  "mteb_version": "1.1.1",
  "test": {
    "evaluation_time": 33.93,
    "map_at_1": 0.22096,
    "map_at_10": 0.32868,
    "map_at_100": 0.34312,
    "map_at_1000": 0.34352,
    "map_at_3": 0.29613,
    "map_at_5": 0.31526,
    "mrr_at_1": 0.22096,
    "mrr_at_10": 0.32868,
    "mrr_at_100": 0.34312,
    "mrr_at_1000": 0.34352,
    "mrr_at_3": 0.29613,
    "mrr_at_5": 0.31526,
    "ndcg_at_1": 0.22096,
    "ndcg_at_10": 0.38677,
    "ndcg_at_100": 0.4596,
    "ndcg_at_1000": 0.46965,
    "ndcg_at_3": 0.32015,
    "ndcg_at_5": 0.35475,
    "precision_at_1": 0.22096,
    "precision_at_10": 0.05718,
    "precision_at_100": 0.00918,
    "precision_at_1000": 0.001,
    "precision_at_3": 0.12984,
    "precision_at_5": 0.09476,
    "recall_at_1": 0.22096,
    "recall_at_10": 0.57175,
    "recall_at_100": 0.918,
    "recall_at_1000": 0.99544,
    "recall_at_3": 0.38952,
    "recall_at_5": 0.4738
  }
}