{
  "dataset_revision": null,
  "mteb_dataset_name": "DuBaikeRetrieval",
  "mteb_version": "1.1.1",
  "test": {
    "evaluation_time": 56.74,
    "map_at_1": 0.28302,
    "map_at_10": 0.44033,
    "map_at_100": 0.4511,
    "map_at_1000": 0.45113,
    "map_at_3": 0.38627,
    "map_at_5": 0.42149,
    "mrr_at_1": 0.28302,
    "mrr_at_10": 0.44033,
    "mrr_at_100": 0.4511,
    "mrr_at_1000": 0.45113,
    "mrr_at_3": 0.38627,
    "mrr_at_5": 0.42149,
    "ndcg_at_1": 0.28302,
    "ndcg_at_10": 0.52725,
    "ndcg_at_100": 0.57189,
    "ndcg_at_1000": 0.57233,
    "ndcg_at_3": 0.4188,
    "ndcg_at_5": 0.48093,
    "precision_at_1": 0.28302,
    "precision_at_10": 0.0805,
    "precision_at_100": 0.00997,
    "precision_at_1000": 0.001,
    "precision_at_3": 0.17086,
    "precision_at_5": 0.13208,
    "recall_at_1": 0.28302,
    "recall_at_10": 0.80503,
    "recall_at_100": 0.99686,
    "recall_at_1000": 1.0,
    "recall_at_3": 0.51258,
    "recall_at_5": 0.66038
  }
}