{
  "dataset_revision": null,
  "mteb_dataset_name": "DXYConsultRetrieval",
  "mteb_version": "1.1.1",
  "test": {
    "evaluation_time": 14.67,
    "map_at_1": 0.35737,
    "map_at_10": 0.42789,
    "map_at_100": 0.4401,
    "map_at_1000": 0.4406,
    "map_at_3": 0.40244,
    "map_at_5": 0.41516,
    "mrr_at_1": 0.35737,
    "mrr_at_10": 0.42789,
    "mrr_at_100": 0.4401,
    "mrr_at_1000": 0.4406,
    "mrr_at_3": 0.40244,
    "mrr_at_5": 0.41516,
    "ndcg_at_1": 0.35737,
    "ndcg_at_10": 0.47112,
    "ndcg_at_100": 0.53339,
    "ndcg_at_1000": 0.54487,
    "ndcg_at_3": 0.41727,
    "ndcg_at_5": 0.43987,
    "precision_at_1": 0.35737,
    "precision_at_10": 0.06119,
    "precision_at_100": 0.0091,
    "precision_at_1000": 0.001,
    "precision_at_3": 0.15341,
    "precision_at_5": 0.10286,
    "recall_at_1": 0.35737,
    "recall_at_10": 0.61188,
    "recall_at_100": 0.90986,
    "recall_at_1000": 0.99682,
    "recall_at_3": 0.46023,
    "recall_at_5": 0.51432
  }
}