{
  "dataset_revision": null,
  "mteb_dataset_name": "DXYDiseaseRetrieval",
  "mteb_version": "1.1.1",
  "test": {
    "evaluation_time": 29.52,
    "map_at_1": 0.61275,
    "map_at_10": 0.69852,
    "map_at_100": 0.70402,
    "map_at_1000": 0.7041,
    "map_at_3": 0.67822,
    "map_at_5": 0.69125,
    "mrr_at_1": 0.61275,
    "mrr_at_10": 0.69852,
    "mrr_at_100": 0.70402,
    "mrr_at_1000": 0.7041,
    "mrr_at_3": 0.67822,
    "mrr_at_5": 0.69125,
    "ndcg_at_1": 0.61275,
    "ndcg_at_10": 0.73985,
    "ndcg_at_100": 0.76394,
    "ndcg_at_1000": 0.76649,
    "ndcg_at_3": 0.69891,
    "ndcg_at_5": 0.72229,
    "precision_at_1": 0.61275,
    "precision_at_10": 0.08693,
    "precision_at_100": 0.00976,
    "precision_at_1000": 0.001,
    "precision_at_3": 0.25286,
    "precision_at_5": 0.16303,
    "recall_at_1": 0.61275,
    "recall_at_10": 0.86932,
    "recall_at_100": 0.9761,
    "recall_at_1000": 0.99681,
    "recall_at_3": 0.75857,
    "recall_at_5": 0.81514
  }
}