{
  "dataset_revision": null,
  "mteb_dataset_name": "IIYIPostRetrieval",
  "mteb_version": "1.1.1",
  "test": {
    "evaluation_time": 15.4,
    "map_at_1": 0.60076,
    "map_at_10": 0.68778,
    "map_at_100": 0.69242,
    "map_at_1000": 0.69252,
    "map_at_3": 0.66815,
    "map_at_5": 0.67962,
    "mrr_at_1": 0.60076,
    "mrr_at_10": 0.68778,
    "mrr_at_100": 0.69242,
    "mrr_at_1000": 0.69252,
    "mrr_at_3": 0.66815,
    "mrr_at_5": 0.67962,
    "ndcg_at_1": 0.60076,
    "ndcg_at_10": 0.73072,
    "ndcg_at_100": 0.75354,
    "ndcg_at_1000": 0.75628,
    "ndcg_at_3": 0.69022,
    "ndcg_at_5": 0.711,
    "precision_at_1": 0.60076,
    "precision_at_10": 0.08657,
    "precision_at_100": 0.00973,
    "precision_at_1000": 0.00099,
    "precision_at_3": 0.25137,
    "precision_at_5": 0.16096,
    "recall_at_1": 0.60076,
    "recall_at_10": 0.86565,
    "recall_at_100": 0.97338,
    "recall_at_1000": 0.99493,
    "recall_at_3": 0.75412,
    "recall_at_5": 0.80482
  }
}