{
  "dataset_revision": null,
  "mteb_dataset_name": "MedExamRetrieval",
  "mteb_version": "1.1.1",
  "test": {
    "evaluation_time": 38.23,
    "map_at_1": 0.42611,
    "map_at_10": 0.5721,
    "map_at_100": 0.57752,
    "map_at_1000": 0.57759,
    "map_at_3": 0.53682,
    "map_at_5": 0.56014,
    "mrr_at_1": 0.42611,
    "mrr_at_10": 0.5721,
    "mrr_at_100": 0.57752,
    "mrr_at_1000": 0.57759,
    "mrr_at_3": 0.53682,
    "mrr_at_5": 0.56014,
    "ndcg_at_1": 0.42611,
    "ndcg_at_10": 0.64392,
    "ndcg_at_100": 0.66936,
    "ndcg_at_1000": 0.67106,
    "ndcg_at_3": 0.57254,
    "ndcg_at_5": 0.61452,
    "precision_at_1": 0.42611,
    "precision_at_10": 0.08694,
    "precision_at_100": 0.00986,
    "precision_at_1000": 0.001,
    "precision_at_3": 0.22525,
    "precision_at_5": 0.15552,
    "recall_at_1": 0.42611,
    "recall_at_10": 0.86944,
    "recall_at_100": 0.98565,
    "recall_at_1000": 0.99857,
    "recall_at_3": 0.67575,
    "recall_at_5": 0.77762
  }
}