{
  "dataset_revision": null,
  "dev": {
    "evaluation_time": 39.07,
    "map_at_1": 0.493,
    "map_at_10": 0.54617,
    "map_at_100": 0.55151,
    "map_at_1000": 0.55209,
    "map_at_3": 0.53367,
    "map_at_5": 0.54067,
    "mrr_at_1": 0.493,
    "mrr_at_10": 0.54617,
    "mrr_at_100": 0.55151,
    "mrr_at_1000": 0.55209,
    "mrr_at_3": 0.53367,
    "mrr_at_5": 0.54067,
    "ndcg_at_1": 0.493,
    "ndcg_at_10": 0.57274,
    "ndcg_at_100": 0.60408,
    "ndcg_at_1000": 0.62043,
    "ndcg_at_3": 0.54638,
    "ndcg_at_5": 0.55907,
    "precision_at_1": 0.493,
    "precision_at_10": 0.0657,
    "precision_at_100": 0.00816,
    "precision_at_1000": 0.00095,
    "precision_at_3": 0.19433,
    "precision_at_5": 0.1228,
    "recall_at_1": 0.493,
    "recall_at_10": 0.657,
    "recall_at_100": 0.816,
    "recall_at_1000": 0.946,
    "recall_at_3": 0.583,
    "recall_at_5": 0.614
  },
  "mteb_dataset_name": "MedicalRetrieval",
  "mteb_version": "1.1.1"
}