{
  "dataset_revision": null,
  "dev": {
    "evaluation_time": 86.08,
    "map_at_1": 0.24511,
    "map_at_10": 0.36295,
    "map_at_100": 0.38116,
    "map_at_1000": 0.38247,
    "map_at_3": 0.32412,
    "map_at_5": 0.34558,
    "mrr_at_1": 0.37334,
    "mrr_at_10": 0.45082,
    "mrr_at_100": 0.46096,
    "mrr_at_1000": 0.46151,
    "mrr_at_3": 0.42732,
    "mrr_at_5": 0.44082,
    "ndcg_at_1": 0.37334,
    "ndcg_at_10": 0.42574,
    "ndcg_at_100": 0.49862,
    "ndcg_at_1000": 0.52193,
    "ndcg_at_3": 0.37717,
    "ndcg_at_5": 0.39714,
    "precision_at_1": 0.37334,
    "precision_at_10": 0.0947,
    "precision_at_100": 0.01541,
    "precision_at_1000": 0.00183,
    "precision_at_3": 0.21272,
    "precision_at_5": 0.15364,
    "recall_at_1": 0.24511,
    "recall_at_10": 0.52245,
    "recall_at_100": 0.82568,
    "recall_at_1000": 0.98284,
    "recall_at_3": 0.37578,
    "recall_at_5": 0.43903
  },
  "mteb_dataset_name": "CmedqaRetrieval",
  "mteb_version": "1.1.1"
}