{
  "dataset_revision": null,
  "dev": {
    "evaluation_time": 80.87,
    "map_at_1": 0.59642,
    "map_at_10": 0.69054,
    "map_at_100": 0.69564,
    "map_at_1000": 0.6957,
    "map_at_3": 0.67123,
    "map_at_5": 0.68292,
    "mrr_at_1": 0.59852,
    "mrr_at_10": 0.69138,
    "mrr_at_100": 0.69629,
    "mrr_at_1000": 0.69635,
    "mrr_at_3": 0.67194,
    "mrr_at_5": 0.68416,
    "ndcg_at_1": 0.59747,
    "ndcg_at_10": 0.73329,
    "ndcg_at_100": 0.75804,
    "ndcg_at_1000": 0.75985,
    "ndcg_at_3": 0.69455,
    "ndcg_at_5": 0.71577,
    "precision_at_1": 0.59747,
    "precision_at_10": 0.08746,
    "precision_at_100": 0.00992,
    "precision_at_1000": 0.00101,
    "precision_at_3": 0.25465,
    "precision_at_5": 0.16354,
    "recall_at_1": 0.59642,
    "recall_at_10": 0.86512,
    "recall_at_100": 0.98103,
    "recall_at_1000": 0.99579,
    "recall_at_3": 0.76133,
    "recall_at_5": 0.8127
  },
  "mteb_dataset_name": "CovidRetrieval",
  "mteb_version": "1.1.1"
}