{
  "dataset_revision": null,
  "mteb_dataset_name": "CSLRelatedRetrieval",
  "mteb_version": "1.1.1",
  "test": {
    "evaluation_time": 26.18,
    "map_at_1": 0.25285,
    "map_at_10": 0.38174,
    "map_at_100": 0.39358,
    "map_at_1000": 0.39379,
    "map_at_3": 0.33789,
    "map_at_5": 0.36124,
    "mrr_at_1": 0.25285,
    "mrr_at_10": 0.38174,
    "mrr_at_100": 0.39358,
    "mrr_at_1000": 0.39379,
    "mrr_at_3": 0.33789,
    "mrr_at_5": 0.36124,
    "ndcg_at_1": 0.25285,
    "ndcg_at_10": 0.45786,
    "ndcg_at_100": 0.51404,
    "ndcg_at_1000": 0.51861,
    "ndcg_at_3": 0.36631,
    "ndcg_at_5": 0.40749,
    "precision_at_1": 0.25285,
    "precision_at_10": 0.07039,
    "precision_at_100": 0.00964,
    "precision_at_1000": 0.001,
    "precision_at_3": 0.14958,
    "precision_at_5": 0.10934,
    "recall_at_1": 0.25285,
    "recall_at_10": 0.70387,
    "recall_at_100": 0.96355,
    "recall_at_1000": 0.99772,
    "recall_at_3": 0.44875,
    "recall_at_5": 0.5467
  }
}