{
  "dataset_revision": null,
  "mteb_dataset_name": "DuBaikeRetrieval",
  "mteb_version": "1.1.1",
  "test": {
    "evaluation_time": 58.1,
    "map_at_1": 0.19182,
    "map_at_10": 0.35397,
    "map_at_100": 0.36821,
    "map_at_1000": 0.36829,
    "map_at_3": 0.3066,
    "map_at_5": 0.33569,
    "mrr_at_1": 0.19182,
    "mrr_at_10": 0.35397,
    "mrr_at_100": 0.36821,
    "mrr_at_1000": 0.36829,
    "mrr_at_3": 0.3066,
    "mrr_at_5": 0.33569,
    "ndcg_at_1": 0.19182,
    "ndcg_at_10": 0.44255,
    "ndcg_at_100": 0.50291,
    "ndcg_at_1000": 0.5046,
    "ndcg_at_3": 0.3464,
    "ndcg_at_5": 0.39917,
    "precision_at_1": 0.19182,
    "precision_at_10": 0.07233,
    "precision_at_100": 0.00987,
    "precision_at_1000": 0.001,
    "precision_at_3": 0.15409,
    "precision_at_5": 0.11824,
    "recall_at_1": 0.19182,
    "recall_at_10": 0.72327,
    "recall_at_100": 0.98742,
    "recall_at_1000": 1.0,
    "recall_at_3": 0.46226,
    "recall_at_5": 0.59119
  }
}