{
  "dataset_revision": null,
  "mteb_dataset_name": "DXYConsultRetrieval",
  "mteb_version": "1.1.1",
  "test": {
    "evaluation_time": 12.88,
    "map_at_1": 0.35419,
    "map_at_10": 0.43287,
    "map_at_100": 0.44435,
    "map_at_1000": 0.44479,
    "map_at_3": 0.40898,
    "map_at_5": 0.42038,
    "mrr_at_1": 0.35419,
    "mrr_at_10": 0.43287,
    "mrr_at_100": 0.44435,
    "mrr_at_1000": 0.44479,
    "mrr_at_3": 0.40898,
    "mrr_at_5": 0.42038,
    "ndcg_at_1": 0.35419,
    "ndcg_at_10": 0.4773,
    "ndcg_at_100": 0.53767,
    "ndcg_at_1000": 0.54843,
    "ndcg_at_3": 0.42678,
    "ndcg_at_5": 0.44709,
    "precision_at_1": 0.35419,
    "precision_at_10": 0.06204,
    "precision_at_100": 0.00913,
    "precision_at_1000": 0.001,
    "precision_at_3": 0.15942,
    "precision_at_5": 0.10541,
    "recall_at_1": 0.35419,
    "recall_at_10": 0.62036,
    "recall_at_100": 0.91304,
    "recall_at_1000": 0.99576,
    "recall_at_3": 0.47826,
    "recall_at_5": 0.52704
  }
}