{
  "dataset_revision": null,
  "mteb_dataset_name": "DXYDiseaseRetrieval",
  "mteb_version": "1.1.1",
  "test": {
    "evaluation_time": 32.17,
    "map_at_1": 0.57928,
    "map_at_10": 0.67355,
    "map_at_100": 0.67889,
    "map_at_1000": 0.679,
    "map_at_3": 0.65418,
    "map_at_5": 0.66669,
    "mrr_at_1": 0.57928,
    "mrr_at_10": 0.67355,
    "mrr_at_100": 0.67889,
    "mrr_at_1000": 0.679,
    "mrr_at_3": 0.65418,
    "mrr_at_5": 0.66669,
    "ndcg_at_1": 0.57928,
    "ndcg_at_10": 0.71711,
    "ndcg_at_100": 0.74225,
    "ndcg_at_1000": 0.74521,
    "ndcg_at_3": 0.67816,
    "ndcg_at_5": 0.70042,
    "precision_at_1": 0.57928,
    "precision_at_10": 0.08526,
    "precision_at_100": 0.00968,
    "precision_at_1000": 0.00099,
    "precision_at_3": 0.24914,
    "precision_at_5": 0.16016,
    "recall_at_1": 0.57928,
    "recall_at_10": 0.85259,
    "recall_at_100": 0.96813,
    "recall_at_1000": 0.99124,
    "recall_at_3": 0.74741,
    "recall_at_5": 0.8008
  }
}