{
  "dataset_revision": null,
  "mteb_dataset_name": "IIYIPostRetrieval",
  "mteb_version": "1.1.1",
  "test": {
    "evaluation_time": 13.65,
    "map_at_1": 0.51331,
    "map_at_10": 0.62103,
    "map_at_100": 0.62677,
    "map_at_1000": 0.62697,
    "map_at_3": 0.59738,
    "map_at_5": 0.61253,
    "mrr_at_1": 0.51458,
    "mrr_at_10": 0.62167,
    "mrr_at_100": 0.6274,
    "mrr_at_1000": 0.62761,
    "mrr_at_3": 0.59801,
    "mrr_at_5": 0.61316,
    "ndcg_at_1": 0.51331,
    "ndcg_at_10": 0.67127,
    "ndcg_at_100": 0.69901,
    "ndcg_at_1000": 0.70369,
    "ndcg_at_3": 0.62372,
    "ndcg_at_5": 0.65121,
    "precision_at_1": 0.51331,
    "precision_at_10": 0.08276,
    "precision_at_100": 0.00957,
    "precision_at_1000": 0.00099,
    "precision_at_3": 0.23321,
    "precision_at_5": 0.15336,
    "recall_at_1": 0.51331,
    "recall_at_10": 0.82763,
    "recall_at_100": 0.95691,
    "recall_at_1000": 0.9924,
    "recall_at_3": 0.69962,
    "recall_at_5": 0.76679
  }
}