{
  "dataset_revision": null,
  "mteb_dataset_name": "MedExamRetrieval",
  "mteb_version": "1.1.1",
  "test": {
    "evaluation_time": 37.71,
    "map_at_1": 0.36442,
    "map_at_10": 0.51062,
    "map_at_100": 0.51746,
    "map_at_1000": 0.5176,
    "map_at_3": 0.47274,
    "map_at_5": 0.49505,
    "mrr_at_1": 0.36442,
    "mrr_at_10": 0.51067,
    "mrr_at_100": 0.51751,
    "mrr_at_1000": 0.51765,
    "mrr_at_3": 0.47274,
    "mrr_at_5": 0.49534,
    "ndcg_at_1": 0.36442,
    "ndcg_at_10": 0.58612,
    "ndcg_at_100": 0.61857,
    "ndcg_at_1000": 0.6218,
    "ndcg_at_3": 0.50828,
    "ndcg_at_5": 0.54847,
    "precision_at_1": 0.36442,
    "precision_at_10": 0.0825,
    "precision_at_100": 0.00974,
    "precision_at_1000": 0.001,
    "precision_at_3": 0.20373,
    "precision_at_5": 0.14175,
    "recall_at_1": 0.36442,
    "recall_at_10": 0.82496,
    "recall_at_100": 0.97418,
    "recall_at_1000": 0.99857,
    "recall_at_3": 0.61119,
    "recall_at_5": 0.70875
  }
}