{
  "dataset_revision": null,
  "dev": {
    "evaluation_time": 55.63,
    "map_at_1": 0.509,
    "map_at_10": 0.56847,
    "map_at_100": 0.57325,
    "map_at_1000": 0.57382,
    "map_at_3": 0.55583,
    "map_at_5": 0.56303,
    "mrr_at_1": 0.509,
    "mrr_at_10": 0.56842,
    "mrr_at_100": 0.5732,
    "mrr_at_1000": 0.57377,
    "mrr_at_3": 0.55583,
    "mrr_at_5": 0.56298,
    "ndcg_at_1": 0.509,
    "ndcg_at_10": 0.59599,
    "ndcg_at_100": 0.62226,
    "ndcg_at_1000": 0.63887,
    "ndcg_at_3": 0.57008,
    "ndcg_at_5": 0.58295,
    "precision_at_1": 0.509,
    "precision_at_10": 0.0682,
    "precision_at_100": 0.00812,
    "precision_at_1000": 0.00095,
    "precision_at_3": 0.20367,
    "precision_at_5": 0.1284,
    "recall_at_1": 0.509,
    "recall_at_10": 0.682,
    "recall_at_100": 0.812,
    "recall_at_1000": 0.946,
    "recall_at_3": 0.611,
    "recall_at_5": 0.642
  },
  "mteb_dataset_name": "MedicalRetrieval",
  "mteb_version": "1.1.1"
}